{"cameraMode":{"drawMode":0,"name":"Shaded","section":"Shading Mode"},"sceneLighting":false,"audioPlay":false,"sceneViewState":{"showFog":true,"showMaterialUpdate":false,"showSkybox":false,"showFlares":true,"showImageEffects":true,"showParticleSystems":true},"in2DMode":false,"pivot":{"x":-1.6461906433105469,"y":-2.26153564453125,"z":29.17953109741211},"rotation":{"x":0.14864115417003632,"y":-0.5637459754943848,"z":0.10399281233549118,"w":0.805780291557312},"size":13.795055389404297,"orthographic":false}