{"cameraMode":{"drawMode":0,"name":"Shaded","section":"Shading Mode"},"sceneLighting":true,"audioPlay":false,"sceneViewState":{"showFog":true,"showMaterialUpdate":false,"showSkybox":true,"showFlares":true,"showImageEffects":true,"showParticleSystems":true},"in2DMode":false,"pivot":{"x":-16.805095672607423,"y":10.605793952941895,"z":-7.571049690246582},"rotation":{"x":0.14311203360557557,"y":0.1916932314634323,"z":-0.028265908360481263,"w":0.9705533385276794},"size":22.0,"orthographic":false}